{"cameraMode":{"drawMode":0,"name":"Shaded","section":"Shading Mode"},"sceneLighting":true,"audioPlay":false,"sceneViewState":{"m_AlwaysRefresh":false,"showFog":true,"showSkybox":true,"showFlares":true,"showImageEffects":true,"showParticleSystems":true,"showVisualEffectGraphs":true,"m_FxEnabled":true},"in2DMode":false,"pivot":{"x":0.23049186170101167,"y":-0.5588461756706238,"z":0.23381854593753816},"rotation":{"x":0.04148911312222481,"y":0.9579668641090393,"z":-0.1835506409406662,"w":0.21653598546981812},"size":1.5853854417800904,"orthographic":false}